"카테고리","ID","이름","설명","레시피단계","성공확률(%)","필요금액(전)","실패반환아이템","재료1","재료2","재료3","재료4","재료5","재료6","재료7","재료8","재료9","재료10","재료11","재료12"
"소모품","consumable_92","영양통구이","영양도 만점, 맛도 만점","","90","2000","야자수잎","야자열매","야자수잎","감자","고구마","늑대고기","혼합사발","","","","","",""
"소모품","consumable_94","영양반찬","영양도 만점, 맛도 만점","","90","2000","야자수잎","야자수잎","망고","노회","다랑어살코기","혼합사발","","","","","","",""
"소모품","consumable_93","영양음료","영양도 만점, 맛도 만점","","90","2000","야자수잎","야자열매","야자수잎","식용벌레","포도","노회","혼합사발","망고","","","","",""
"소모품","consumable_87","초보도시락","맛은 좋지도 나쁘지도 않지만, 정성이 담겨 있다","","75","2000","영양반찬","영양통구이","영양음료","영양반찬","","","","","","","","",""
"소모품","consumable_127","기분전환통구이","진한 맛과 향이 절로 기분을 좋게 하는 통구이","","75","2000","영양통구이","영양통구이","열대땅콩","야자열매","","","","","","","","",""
"소모품","consumable_109","기분전환반찬","구수한 맛과 향이 절로 기분을 좋게 하는 반찬","","75","2000","영양반찬","영양반찬","바다거북의알","","","","","","","","","",""
"소모품","consumable_108","기분전환음료","시원한 맛과 향이 절로 기분을 좋게 하는 음료","","75","2000","영양음료","영양음료","바다거북의알","","","","","","","","","",""
"소모품","consumable_81","활력충전통구이","먹으면 다 쓰러져 가던 사람도 기운을 되찾는 통구이","","55","5000","기분전환통구이","기분전환통구이","바다거북의알","노회","","","","","","","","",""
"소모품","consumable_83","활력충전반찬","먹으면 다 쓰러져 가던 사람도 기운을 되찾는 반찬","","55","5000","기분전환반찬","기분전환반찬","파수다지오","식용벌레","","","","","","","","",""
"소모품","consumable_82","활력충전음료","마시면 다 쓰러져 가던 사람도 기운을 되찾는 음료","","55","5000","기분전환음료","기분전환음료","야자수액","","","","","","","","","",""
"소모품","consumable_240","생장촉진통구이","먹으면 몸이 건강해지는 것이 절로 느껴질 만큼 맛있는 통구이","","48","5000","활력충전통구이","활력충전통구이","다랑어살코기","망고","","","","","","","","",""
"소모품","consumable_242","생장촉진반찬","먹으면 몸이 건강해지는 것이 절로 느껴질 만큼 맛있는 반찬","","48","5000","활력충전반찬","활력충전반찬","감자","고구마","","","","","","","","",""
"소모품","consumable_241","생장촉진음료","마시면 몸이 건강해지는 것이 절로 느껴질 만큼 맛있는 음료","","48","5000","활력충전음료","활력충전음료","바다거북의알","야자수액","","","","","","","","",""
"소모품","consumable_243","생명보존통구이","먹으면 다 죽어가던 사람도 벌떡 일어날 만큼 맛있는 통구이","","40","10000","생장촉진통구이","생장촉진통구이","해바라기씨","포도","","","","","","","","",""
"소모품","consumable_239","생명보존반찬","먹으면 다 죽어가던 사람도 벌떡 일어날 만큼 맛있는 반찬","","40","10000","생장촉진반찬","생장촉진반찬","해바라기씨","호두","","","","","","","","",""
"소모품","consumable_238","생명보존음료","마시면 다 죽어가던 사람도 벌떡 일어날 만큼 맛있는 음료","","40","10000","생장촉진음료","생장촉진음료","망고","노회","","","","","","","","",""
"소모품","consumable_111","1차도시락","조합중인 도시락","","80","20000","다랑어살코기","초보도시락","다랑어살코기","","","","","","","","","",""
"소모품","consumable_112","2차도시락","조합중인 도시락","","65","20000","바다거북의알","1차도시락","바다거북의알","","","","","","","","","",""
"소모품","consumable_113","3차도시락","조합중인 도시락","","38","20000","열대땅콩","2차도시락","열대땅콩","","","","","","","","","",""
"소모품","consumable_114","4차도시락","조합중인 도시락","","38","20000","파수다지오","3차도시락","파수다지오","늑대고기","","","","","","","","",""
"소모품","consumable_202","비장의도시락","숨겨 놓고 혼자 몰래 먹을 만큼 맛있는 도시락","","20","50000","쓰레기요리","4차도시락","기분전환음료","기분전환반찬","기분전환통구이","","","","","","","",""
"소모품","consumable_107","궁극의도시락","둘이 먹다가 하나가 죽어도 모를 정도로 맛있는 도시락","","20","50000","끔찍한요리","비장의도시락","활력충전통구이","활력충전음료","활력충전반찬","","","","","","","",""
"소모품","consumable_88","전설의도시락","먹은 사람은 승천한다는 전설적인 맛의 도시락","","20","50000","실패한요리","궁극의도시락","생장촉진음료","생장촉진반찬","생장촉진통구이","","","","","","","",""
"소모품","consumable_84","환상의도시락","꿈인지 생시인지 알 수 없을 정도로 환상적인 맛의 도시락","","20","50000","쓰레기요리","전설의도시락","생명보존통구이","생명보존반찬","생명보존음료","","","","","","","",""
"소모품","consumable_306","만지초","북방 전래의 독물 중 하나","","45","50000","일양초","일양초","월로초","적령초","","","","","","","","",""
"소모품","consumable_304","오독산","북방 전래의 독물 중 하나","","30","50000","선독","진독","건독","태독","곤독","선독","","","","","","",""
"소모품","consumable_302","오철","북방 전래의 금속 중 하나","","50","50000","쇠조각","쇠조각","쇠조각","쇠조각","쇠조각","쇠조각","장인의돌","","","","","",""
"소모품","consumable_317","현철","아주 단단한 철","","50","50000","오철","오철","오철","오철","오철","오철","장석","","","","","",""
"무기","sword_41","환두대검","검/기타 '환두대검'. 공격력 +2을 가진 무기입니다. 레벨 75 이상, 전사, 힘 75 이상 착용 가능합니다.","500000","70","50000","쇠가루","환두대도","쇠가루","쇠가루","쇠가루","쇠가루","쇠가루","쇠조각","석영","","","",""
"무기","sword_55","진성검","검/기타 '진성검'. 공격력 +4, 명중 +5을 가진 무기입니다. 레벨 75 이상, 전사, 힘 75 이상 착용 가능합니다.","500000","30","50000","장인의돌","환두대검","오독산","만지초","천년묵은가지","현철","장인의돌","","","","","",""
"무기","sword_42","가시철도","검/기타 '가시철도'. 공격력 +5, 명중 +3을 가진 무기입니다. 레벨 75 이상, 도적, 힘 10 이상 착용 가능합니다.","500000","70","50000","쇠가루","가시철단도","쇠가루","쇠가루","쇠가루","쇠가루","쇠가루","쇠조각","석영","","","",""
"무기","sword_56","백진도","검/기타 '백진도'. 공격력 +5, 명중 +3을 가진 무기입니다. 레벨 75 이상, 도적, 힘 10 이상 착용 가능합니다.","500000","30","50000","장인의돌","가시철도","오독산","만지초","천년묵은가지","현철","장인의돌","","","","","",""
"무기","spear_47","대마혼봉","창/지팡이 '대마혼봉'. 캐릭터가 사용할 수 있는 무기입니다. 체력 +200, 마력 +700, 지력 +15 효과가 함께 붙어 있습니다. 레벨 75 이상, 주술사 착용 가능합니다.","300000","70","50000","쇠가루","대마령봉","쇠가루","쇠가루","쇠가루","쇠가루","쇠가루","쇠조각","석영","","","",""
"무기","spear_73","용설봉","창/지팡이 '용설봉'. 캐릭터가 사용할 수 있는 무기입니다. 체력 +500, 마력 +1000, 지력 +18 효과가 함께 붙어 있습니다. 레벨 75 이상, 주술사 착용 가능합니다.","300000","30","50000","장인의돌","대마혼봉","오독산","만지초","천년묵은가지","현철","장인의돌","","","","","",""
"무기","spear_74","삼촉현선","창/지팡이 '삼촉현선'. 캐릭터가 사용할 수 있는 무기입니다. 마력 +700, 지력 +12 효과가 함께 붙어 있습니다. 레벨 70 이상, 도사 착용 가능합니다.","300000","70","50000","쇠가루","삼촉현창","쇠가루","쇠가루","쇠가루","쇠가루","쇠가루","쇠조각","석영","","","",""
"무기","spear_75","진선장","창/지팡이 '진선장'. 캐릭터가 사용할 수 있는 무기입니다. 마력 +1000, 지력 +15 효과가 함께 붙어 있습니다. 레벨 75 이상, 도사, 힘 17 이상 착용 가능합니다.","300000","30","50000","장인의돌","삼촉현선","오독산","만지초","천년묵은가지","현철","장인의돌","","","","","",""
"무기","sword_48","칠교칠선","검/기타 '칠교칠선'. 캐릭터가 사용할 수 있는 무기입니다. 마력 +500, 지력 +5 효과가 함께 붙어 있습니다. 레벨 50 이상, 힘 17 이상 착용 가능합니다.","25000","50","50000","마노","쇠가루","쇠가루","쇠가루","쇠가루","쇠가루","쇠조각","쇠조각","마노","장인의돌","","",""
"무기","sword_49","인풍죽선","검/기타 '인풍죽선'. 캐릭터가 사용할 수 있는 무기입니다. 마력 +800, 지력 +10 효과가 함께 붙어 있습니다. 레벨 60 이상, 힘 17 이상 착용 가능합니다.","300000","30","50000","마노","대나무가지","노송의가지","마노","장인의돌","","","","","","","",""
"무기","sword_119","천풍선","검/기타 '천풍선'. 캐릭터가 사용할 수 있는 무기입니다. 마력 +1200, 지력 +20 효과가 함께 붙어 있습니다. 레벨 70 이상, 힘 25 이상 착용 가능합니다.","500000","7","50000","현철","인풍죽선","현철","만지초","","","","","","","","",""
"무기","spear_68","오선창","창/지팡이 '오선창'. 공격력 +2, 명중 +1을 가진 무기입니다. 힘 +2 효과가 함께 붙어 있습니다. 레벨 50 이상, 힘 17 이상 착용 가능합니다.","100000","70","50000","쇠가루","쇠가루","쇠가루","쇠가루","쇠가루","쇠가루","나무막대","쇠조각","운모","","","",""
"무기","spear_67","오뢰창","창/지팡이 '오뢰창'. 공격력 +1, 명중 +3을 가진 무기입니다. 힘 +5 효과가 함께 붙어 있습니다. 레벨 50 이상, 힘 17 이상 착용 가능합니다.","100000","70","50000","쇠가루","쇠가루","쇠가루","쇠가루","쇠가루","쇠가루","나무막대","쇠조각","장인의돌","","","",""
"무기","spear_69","오귀창","창/지팡이 '오귀창'. 공격력 +5, 명중 +5을 가진 무기입니다. 힘 +12 효과가 함께 붙어 있습니다. 레벨 70 이상 착용 가능합니다.","150000","30","50000","오독산","오뢰창","오선창","오독산","자현목","","","","","","","",""
"무기","spear_71","낭아봉","창/지팡이 '낭아봉'. 공격력 +1을 가진 무기입니다. 힘 +1, 지력 +5 효과가 함께 붙어 있습니다. 레벨 60 이상 착용 가능합니다.","100000","70","50000","쇠가루","쇠가루","쇠가루","쇠가루","쇠가루","쇠가루","나무막대","쇠조각","쇠조각","인면충의알","구미호꼬리","장인의돌",""
"무기","spear_70","단사모","창/지팡이 '단사모'. 공격력 +1을 가진 무기입니다. 체력 +200, 마력 +100, 힘 +12 효과가 함께 붙어 있습니다. 레벨 60 이상 착용 가능합니다.","1000000","70","50000","장인의돌","쇠가루","쇠가루","쇠가루","쇠가루","쇠가루","나무막대","쇠조각","쇠조각","석영","방울뱀꼬리","장인의돌",""
"무기","sword_57","월아검","검/기타 '월아검'. 공격력 +5을 가진 무기입니다. 체력 +5000, 마력 +2000, 힘 +10, 민첩 +10, 지력 +10 효과가 함께 붙어 있습니다. 레벨 77 이상 착용 가능합니다.","2500000","3","50000","운모","쇠가루","쇠가루","쇠가루","쇠가루","쇠가루","쇠조각","쇠조각","운모","반짝이는돌","","",""
"무기","spear_72","영롱비창","창/지팡이 '영롱비창'. 공격력 +6, 명중 +6을 가진 무기입니다. 체력 +1000, 마력 +1000, 힘 +15, 지력 +10 효과가 함께 붙어 있습니다. 레벨 70 이상 착용 가능합니다.","500000","10","50000","장인의돌","쇠가루","쇠가루","쇠가루","쇠가루","쇠가루","나무막대","쇠조각","쇠조각","만지초","오독산","현철","장인의돌"
"악세서리","accessory_37","당예류","악세서리 '당예류'. 방어력 -1을 제공합니다. 체력 +100, 마력 +100, 지력 +1 효과가 함께 붙어 있습니다. 레벨 20 이상, 도사 착용 가능합니다.","3000","80","50000","청동조각","청동조각","쇠조각","","","","","","","","","",""
"악세서리","accessory_38","비승류","악세서리 '비승류'. 방어력 -2을 제공합니다. 체력 +100, 마력 +200, 지력 +2 효과가 함께 붙어 있습니다. 레벨 30 이상, 도사 착용 가능합니다.","5000","50","50000","청동조각","청동조각","장석","","","","","","","","","",""
"악세서리","accessory_39","승류","악세서리 '승류'. 방어력 -3을 제공합니다. 체력 +150, 마력 +300, 지력 +1 효과가 함께 붙어 있습니다. 레벨 40 이상, 도사 착용 가능합니다.","8000","30","50000","장인의돌","당예류","비승류","장인의돌","","","","","","","","",""
"악세서리","accessory_40","유연선류","악세서리 '유연선류'. 방어력 -5을 제공합니다. 체력 +200, 마력 +500, 지력 +5 효과가 함께 붙어 있습니다. 레벨 50 이상, 도사 착용 가능합니다.","20000","10","50000","오철","승류","오철","오독산","장인의돌","","","","","","","",""
"악세서리","accessory_41","천공선류","악세서리 '천공선류'. 방어력 -3을 제공합니다. 체력 +100, 마력 +200, 지력 +2 효과가 함께 붙어 있습니다. 레벨 20 이상, 도사 착용 가능합니다.","10000","100","50000","장석","노송의가지","오독산","현철","만지초","장석","","","","","","",""
"악세서리","accessory_42","비룡선류","악세서리 '비룡선류'. 방어력 -8을 제공합니다. 체력 +1000, 마력 +1000, 지력 +5 효과가 함께 붙어 있습니다. 레벨 30 이상, 도사 착용 가능합니다.","20000","50","50000","장석","천공선류","매의깃털","오철","오철","장석","","","","","","",""
"악세서리","accessory_43","황금선류","악세서리 '황금선류'. 방어력 -10을 제공합니다. 체력 +1000, 마력 +1500, 지력 +8 효과가 함께 붙어 있습니다. 레벨 40 이상, 도사 착용 가능합니다.","300000","22","50000","금조각","비룡선류","만지초","금조각","현철","장석","","","","","","",""
"악세서리","accessory_44","쇄자황금선류","악세서리 '쇄자황금선류'. 방어력 -11을 제공합니다. 체력 +1000, 마력 +2000, 지력 +25 효과가 함께 붙어 있습니다. 레벨 50 이상, 도사 착용 가능합니다.","500000","22","50000","금조각","황금선류","금조각","금조각","물소의뿔","장인의돌","장석","현철","현철","","","",""
"악세서리","accessory_29","호피반지","악세서리 '호피반지'. 방어력 -1을 제공합니다. 체력 +100, 마력 +100, 지력 +1 효과가 함께 붙어 있습니다. 레벨 20 이상, 주술사 착용 가능합니다.","3000","80","50000","청동조각","청동조각","쇠조각","쇠가루","","","","","","","","",""
"악세서리","accessory_30","천수반지","악세서리 '천수반지'. 방어력 -2을 제공합니다. 체력 +150, 마력 +200, 지력 +2 효과가 함께 붙어 있습니다. 레벨 30 이상, 주술사 착용 가능합니다.","5000","50","50000","청동조각","청동조각","마노","","","","","","","","","",""
"악세서리","accessory_31","은마반지","악세서리 '은마반지'. 방어력 -3을 제공합니다. 체력 +150, 마력 +300, 지력 +3 효과가 함께 붙어 있습니다. 레벨 40 이상, 주술사 착용 가능합니다.","8000","30","50000","장인의돌","호피반지","천수반지","장인의돌","","","","","","","","",""
"악세서리","accessory_32","금마반지","악세서리 '금마반지'. 방어력 -5을 제공합니다. 체력 +200, 마력 +500, 지력 +5 효과가 함께 붙어 있습니다. 레벨 50 이상, 주술사 착용 가능합니다.","20000","10","50000","오철","은마반지","오독산","오철","장인의돌","","","","","","","",""
"악세서리","accessory_33","천공반지","악세서리 '천공반지'. 방어력 -3을 제공합니다. 체력 +200, 마력 +200, 지력 +2 효과가 함께 붙어 있습니다. 레벨 20 이상, 주술사 착용 가능합니다.","10000","100","50000","석영","노송의가지","오독산","현철","만지초","석영","","","","","","",""
"악세서리","accessory_34","비룡반지","악세서리 '비룡반지'. 방어력 -8을 제공합니다. 체력 +1000, 마력 +1000, 지력 +5 효과가 함께 붙어 있습니다. 레벨 30 이상, 주술사 착용 가능합니다.","20000","50","50000","석영","천공반지","매의깃털","오철","오철","석영","","","","","","",""
"악세서리","accessory_35","황금반지","악세서리 '황금반지'. 방어력 -10을 제공합니다. 체력 +1500, 마력 +2000, 지력 +8 효과가 함께 붙어 있습니다. 레벨 40 이상, 주술사 착용 가능합니다.","300000","22","50000","금조각","비룡반지","물소의뿔","금조각","현철","석영","","","","","","",""
"악세서리","accessory_36","쇄자황금반지","악세서리 '쇄자황금반지'. 방어력 -11을 제공합니다. 체력 +1000, 마력 +2000, 지력 +25 효과가 함께 붙어 있습니다. 레벨 50 이상, 주술사 착용 가능합니다.","500000","22","50000","금조각","황금반지","금조각","금조각","현철","현철","물소의뿔","장인의돌","석영","","","",""
"악세서리","accessory_21","경번팔찌","악세서리 '경번팔찌'. 방어력 -3을 제공합니다. 체력 +150, 마력 +50, 민첩 +1 효과가 함께 붙어 있습니다. 레벨 20 이상, 도적 착용 가능합니다.","3000","80","50000","청동조각","청동조각","쇠가루","쇠가루","","","","","","","","",""
"악세서리","accessory_22","청류팔찌","악세서리 '청류팔찌'. 방어력 -4을 제공합니다. 체력 +200, 마력 +100, 힘 +1, 민첩 +1 효과가 함께 붙어 있습니다. 레벨 30 이상, 도적 착용 가능합니다.","5000","50","50000","청동조각","청동조각","운모","","","","","","","","","",""
"악세서리","accessory_23","세명팔찌","악세서리 '세명팔찌'. 방어력 -7을 제공합니다. 체력 +350, 마력 +100, 힘 +1, 민첩 +2 효과가 함께 붙어 있습니다. 레벨 40 이상, 도적 착용 가능합니다.","8000","30","50000","장인의돌","경번팔찌","청류팔찌","장인의돌","","","","","","","","",""
"악세서리","accessory_24","연위팔찌","악세서리 '연위팔찌'. 방어력 -10을 제공합니다. 체력 +500, 마력 +200, 힘 +1, 민첩 +3 효과가 함께 붙어 있습니다. 레벨 50 이상, 도적 착용 가능합니다.","20000","10","50000","오철","세명팔찌","오독산","오철","장인의돌","","","","","","","",""
"악세서리","accessory_25","천공팔찌","악세서리 '천공팔찌'. 방어력 -3을 제공합니다. 체력 +150, 마력 +50, 민첩 +1 효과가 함께 붙어 있습니다. 레벨 20 이상, 도적 착용 가능합니다.","10000","100","50000","마노","노송의가지","오독산","현철","만지초","마노","","","","","","",""
"악세서리","accessory_26","비룡팔찌","악세서리 '비룡팔찌'. 방어력 -8을 제공합니다. 체력 +1500, 마력 +1500, 민첩 +5 효과가 함께 붙어 있습니다. 레벨 30 이상, 도적 착용 가능합니다.","20000","50","50000","마노","천공팔찌","매의깃털","오철","오철","마노","","","","","","",""
"악세서리","accessory_27","황금팔찌","악세서리 '황금팔찌'. 방어력 -10을 제공합니다. 체력 +2000, 마력 +2000, 민첩 +8 효과가 함께 붙어 있습니다. 레벨 40 이상, 도적 착용 가능합니다.","300000","22","50000","금조각","비룡팔찌","물소의뿔","금조각","현철","마노","","","","","","",""
"악세서리","accessory_28","쇄자황금팔찌","악세서리 '쇄자황금팔찌'. 방어력 -11을 제공합니다. 체력 +2500, 마력 +1000, 힘 +10, 민첩 +20 효과가 함께 붙어 있습니다. 레벨 50 이상, 도적 착용 가능합니다.","500000","22","50000","금조각","황금팔찌","금조각","금조각","현철","현철","물소의뿔","장인의돌","마노","","","",""
"악세서리","accessory_13","통장갑","악세서리 '통장갑'. 방어력 -3을 제공합니다. 체력 +200, 힘 +1 효과가 함께 붙어 있습니다. 레벨 20 이상, 전사 착용 가능합니다.","3000","80","50000","청동조각","청동조각","쇠조각","쇠조각","","","","","","","","",""
"악세서리","accessory_14","엄심장갑","악세서리 '엄심장갑'. 방어력 -4을 제공합니다. 체력 +400, 힘 +1 효과가 함께 붙어 있습니다. 레벨 30 이상, 전사 착용 가능합니다.","5000","50","50000","청동조각","청동조각","석영","","","","","","","","","",""
"악세서리","accessory_15","신장갑","악세서리 '신장갑'. 방어력 -5을 제공합니다. 체력 +800, 힘 +2 효과가 함께 붙어 있습니다. 레벨 40 이상, 전사 착용 가능합니다.","8000","30","50000","장인의돌","통장갑","엄심장갑","장인의돌","","","","","","","","",""
"악세서리","accessory_17","연환장갑","악세서리 '연환장갑'. 방어력 -7을 제공합니다. 체력 +1000, 힘 +5 효과가 함께 붙어 있습니다. 레벨 50 이상, 전사 착용 가능합니다.","20000","10","50000","오철","신장갑","오독산","오철","장인의돌","","","","","","","",""
"악세서리","accessory_16","천공장갑","악세서리 '천공장갑'. 방어력 -3을 제공합니다. 체력 +200, 힘 +1 효과가 함께 붙어 있습니다. 레벨 20 이상, 전사 착용 가능합니다.","10000","100","50000","운모","노송의가지","오독산","현철","만지초","운모","","","","","","",""
"악세서리","accessory_18","비룡장갑","악세서리 '비룡장갑'. 방어력 -8을 제공합니다. 체력 +2000, 힘 +5 효과가 함께 붙어 있습니다. 레벨 30 이상, 전사 착용 가능합니다.","20000","50","50000","운모","천공장갑","매의깃털","오철","오철","운모","","","","","","",""
"악세서리","accessory_19","황금장갑","악세서리 '황금장갑'. 방어력 -10을 제공합니다. 체력 +2500, 힘 +8 효과가 함께 붙어 있습니다. 레벨 40 이상, 전사 착용 가능합니다.","300000","22","50000","금조각","비룡장갑","만지초","금조각","현철","운모","","","","","","",""
"악세서리","accessory_20","쇄자황금장갑","악세서리 '쇄자황금장갑'. 방어력 -11을 제공합니다. 체력 +3000, 마력 +300, 힘 +20, 민첩 +10 효과가 함께 붙어 있습니다. 레벨 50 이상, 전사 착용 가능합니다.","500000","22","50000","금조각","황금장갑","금조각","금조각","현철","현철","물소의뿔","장인의돌","운모","","","",""
"방어구","helmet_34","통투구","방어구 '통투구'. 방어력 -7을 제공합니다. 체력 +100, 마력 +100, 힘 +1, 민첩 +1, 지력 +1 효과가 함께 붙어 있습니다. 레벨 20 이상 착용 가능합니다.","10000","80","50000","쇠조각","청동조각","쇠조각","쇠가루","쇠가루","","","","","","","",""
"방어구","helmet_36","신장투구","방어구 '신장투구'. 방어력 -8을 제공합니다. 체력 +200, 마력 +200, 힘 +2, 민첩 +2, 지력 +2 효과가 함께 붙어 있습니다. 레벨 30 이상 착용 가능합니다.","20000","80","50000","청동조각","청동조각","백현목","","","","","","","","","",""
"방어구","helmet_54","천공투구","방어구 '천공투구'. 방어력 -9을 제공합니다. 체력 +300, 마력 +300, 힘 +3, 민첩 +3, 지력 +3 효과가 함께 붙어 있습니다. 레벨 40 이상 착용 가능합니다.","30000","50","50000","물소의뿔","장인의뼈","물소의뿔","","","","","","","","","",""
"방어구","helmet_56","비룡투구","방어구 '비룡투구'. 방어력 -11을 제공합니다. 체력 +1500, 마력 +1000, 힘 +4, 민첩 +4, 지력 +4 효과가 함께 붙어 있습니다. 레벨 50 이상 착용 가능합니다.","40000","13","50000","쇠가루","천공투구","오철","장인의돌","오독산","","","","","","","",""
"방어구","helmet_58","황금투구","방어구 '황금투구'. 방어력 -12을 제공합니다. 체력 +2000, 마력 +2000, 힘 +9, 민첩 +9, 지력 +9 효과가 함께 붙어 있습니다. 레벨 50 이상 착용 가능합니다.","500000","7","50000","금조각","비룡투구","현철","금조각","만지초","","","","","","","",""
"방어구","helmet_60","쇄자황금투구","방어구 '쇄자황금투구'. 방어력 -15을 제공합니다. 체력 +5000, 마력 +5000, 힘 +12, 민첩 +12, 지력 +12 효과가 함께 붙어 있습니다. 레벨 50 이상 착용 가능합니다.","1000000","0.5","50000","금조각","황금투구","현철","현철","금조각","금조각","오독산","만지초","","","","",""
"소모품","consumable_328","녹호박단추","녹호박을 모아 만든 단추","","75","100","녹호박","녹호박 x50","","","","","","","","","","",""
"소모품","consumable_329","청호박단추","청호박을 모아 만든 단추","","75","100","청호박","청호박 x50","","","","","","","","","","",""
"소모품","consumable_330","황호박단추","황호박을 모아 만든 단추","","75","100","황호박","황호박 x50","","","","","","","","","","",""
"소모품","consumable_331","적호박단추","적호박을 모아 만든 단추","","75","100","적호박","적호박 x50","","","","","","","","","","",""
"소모품","consumable_332","연갈호박단추","연갈호박을 모아 만든 단추","","75","100","연갈호박","연갈호박 x50","","","","","","","","","","",""
"소모품","consumable_334","갈호박단추","갈호박을 모아 만든 단추","","75","100","갈호박","갈호박 x50","","","","","","","","","","",""
"소모품","consumable_335","연청호박단추","연청호박을 모아 만든 단추","","75","100","연청호박","연청호박 x50","","","","","","","","","","",""
"소모품","consumable_336","황금호박단추","황금호박을 모아 만든 단추. 장비에 장착하면 재사용 대기시간 1초 효과를 줍니다.","","100","100","황금호박","황금호박 x50","","","","","","","","","","",""
"소모품","consumable_337","연녹호박단추","연녹호박을 모아 만든 단추","","75","100","연녹호박","연녹호박 x50","","","","","","","","","","",""
"소모품","consumable_347","연자호박단추","연자호박을 모아 만든 단추","","75","100","연자호박","연자호박 x50","","","","","","","","","","",""
"소모품","consumable_348","녹호박결정","녹호박의 결정체. 장비에 장착하면 체력 +3000 효과를 줍니다.","","100","100","녹호박단추","녹호박단추 x15","","","","","","","","","","",""
"소모품","consumable_349","청호박결정","청호박의 결정체. 장비에 장착하면 마력 +2000 효과를 줍니다.","","100","100","청호박단추","청호박단추 x15","","","","","","","","","","",""
"소모품","consumable_350","적호박결정","적호박의 결정체. 장비에 장착하면 흡혈량 +1 효과를 줍니다.","","100","100","적호박단추","적호박단추 x15","","","","","","","","","","",""
"소모품","consumable_423","황금호박결정","황금호박의 결정체. 장비에 장착하면 재사용 대기시간 2초 효과를 줍니다.","","100","100","황금호박단추","황금호박단추 x15","","","","","","","","","","",""
"소모품","consumable_352","연녹호박결정","연녹호박의 결정체. 장비에 장착하면 힘 +3 효과를 줍니다.","","100","100","연녹호박단추","연녹호박단추 x15","","","","","","","","","","",""
"소모품","consumable_353","연자호박결정","연자호박의 결정체. 장비에 장착하면 민첩 +3 효과를 줍니다.","","100","100","연자호박단추","연자호박단추 x15","","","","","","","","","","",""
"소모품","consumable_354","연청호박결정","연청호박의 결정체. 장비에 장착하면 지력 +3 효과를 줍니다.","","100","100","연청호박단추","연청호박단추 x15","","","","","","","","","","",""
"소모품","consumable_355","갈호박결정","갈호박의 결정체. 장비에 장착하면 방어 -1 효과를 줍니다.","","100","100","갈호박단추","갈호박단추 x15","","","","","","","","","","",""
"소모품","consumable_356","녹호박보석","'녹호박보석'. 장비에 장착하면 체력 +5000 효과를 주는 소켓 아이템입니다.","","100","100","녹호박결정","녹호박결정 x10","","","","","","","","","","",""
"소모품","consumable_357","청호박보석","'청호박보석'. 장비에 장착하면 마력 +3000 효과를 주는 소켓 아이템입니다.","","100","100","청호박결정","청호박결정 x10","","","","","","","","","","",""
"소모품","consumable_358","적호박보석","'적호박보석'. 장비에 장착하면 흡혈량 +1.5 효과를 주는 소켓 아이템입니다.","","100","100","적호박결정","적호박결정 x10","","","","","","","","","","",""
"소모품","consumable_359","황금호박보석","'황금호박보석'. 장비에 장착하면 재사용 대기시간 3초 효과를 주는 소켓 아이템입니다.","","100","100","황금호박결정","황금호박결정 x10","","","","","","","","","","",""
"소모품","consumable_360","연녹호박보석","'연녹호박보석'. 장비에 장착하면 힘 +4 효과를 주는 소켓 아이템입니다.","","100","100","연녹호박결정","연녹호박결정 x10","","","","","","","","","","",""
"소모품","consumable_361","연자호박보석","'연자호박보석'. 장비에 장착하면 민첩 +4 효과를 주는 소켓 아이템입니다.","","100","100","연자호박결정","연자호박결정 x10","","","","","","","","","","",""
"소모품","consumable_362","연청호박보석","'연청호박보석'. 장비에 장착하면 지력 +4 효과를 주는 소켓 아이템입니다.","","100","100","연청호박결정","연청호박결정 x10","","","","","","","","","","",""
"소모품","consumable_363","갈호박보석","'갈호박보석'. 장비에 장착하면 방어 -2 효과를 주는 소켓 아이템입니다.","","100","100","갈호박결정","갈호박결정 x10","","","","","","","","","","",""
"소모품","consumable_364","녹호박별","녹호박단추를 모아 만든 별. 장비에 장착하면 체력 +10000 효과를 줍니다.","","100","100","녹호박보석","녹호박보석 x5","","","","","","","","","","",""
"소모품","consumable_365","청호박별","청호박단추를 모아 만든 별. 장비에 장착하면 마력 +5000 효과를 줍니다.","","100","100","청호박보석","청호박보석 x5","","","","","","","","","","",""
"소모품","consumable_366","적호박별","적호박단추를 모아 만든 별. 장비에 장착하면 흡혈량 +2 효과를 줍니다.","","100","100","적호박보석","적호박보석 x5","","","","","","","","","","",""
"소모품","consumable_367","연녹호박별","연녹호박단추를 모아 만든 별. 장비에 장착하면 힘 +5 효과를 줍니다.","","100","100","연녹호박보석","연녹호박보석 x5","","","","","","","","","","",""
"소모품","consumable_368","연자호박별","연자호박단추를 모아 만든 별. 장비에 장착하면 민첩 +5 효과를 줍니다.","","100","100","연자호박보석","연자호박보석 x5","","","","","","","","","","",""
"소모품","consumable_369","연청호박별","연청호박단추를 모아 만든 별. 장비에 장착하면 지력 +5 효과를 줍니다.","","100","100","연청호박보석","연청호박보석 x5","","","","","","","","","","",""
"소모품","consumable_370","갈호박별","갈호박단추를 모아 만든 별. 장비에 장착하면 방어 -3 효과를 줍니다.","","100","100","갈호박보석","갈호박보석 x5","","","","","","","","","","",""
"소모품","consumable_254","화룡의비늘","소모품 '화룡의비늘'.","","90","100","용의비늘","수룡의비늘","수룡의비늘","수룡의비늘","","","","","","","","",""
"무기","sword_25","무쌍현랑부","검/기타 '무쌍현랑부'. 공격력 +2을 가진 무기입니다. 힘 +1, 민첩 +1, 지력 +1 효과가 함께 붙어 있습니다. 레벨 75 이상, 힘 20 이상 착용 가능합니다.","5000000","70","1000","현랑부","현랑부","현랑부","현랑부","","","","","","","","",""
"무기","spear_26","청명백현모","창/지팡이 '청명백현모'. 공격력 +1, 명중 +1을 가진 무기입니다. 힘 +1, 민첩 +1, 지력 +12 효과가 함께 붙어 있습니다. 레벨 75 이상, 힘 20 이상 착용 가능합니다.","5000000","70","1000","백현모","백현모","백현모","백현모","","","","","","","","",""
"무기","sword_29","염인백화검","검/기타 '염인백화검'. 공격력 +2, 명중 +3을 가진 무기입니다. 힘 +2 효과가 함께 붙어 있습니다. 레벨 75 이상, 힘 35 이상 착용 가능합니다.","5000000","70","1000","백화검","백화검","백화검","백화검","","","","","","","","",""
"무기","sword_33","극경도깨비봉","검/기타 '극경도깨비봉'. 공격력 +6, 명중 +6을 가진 무기입니다. 힘 +1, 민첩 +1, 지력 +1 효과가 함께 붙어 있습니다. 레벨 75 이상, 힘 10 이상 착용 가능합니다.","5000000","70","1000","도깨비방망이","도깨비방망이","도깨비방망이","도깨비방망이","","","","","","","","",""
"방어구","armour_145","타라의남자옷","방어구 '타라의남자옷'. 방어력 -28을 제공합니다. 체력 +1000, 마력 +500, 힘 +1, 민첩 +1, 지력 +1 효과가 함께 붙어 있습니다. 레벨 56 이상, 남성용 착용 가능합니다.","1000000","30","30000","원숭이털","은여우털","원숭이털","어전의칼","","","","","","","","",""
"방어구","armour_146","타라의여자옷","방어구 '타라의여자옷'. 방어력 -28을 제공합니다. 체력 +1000, 마력 +500, 힘 +1, 민첩 +1, 지력 +1 효과가 함께 붙어 있습니다. 레벨 56 이상, 여성용 착용 가능합니다.","1000000","30","30000","너구리털","은여우털","너구리털","어전의칼","","","","","","","","",""
"방어구","armour_147","주술갑옷","방어구 '주술갑옷'. 방어력 -40을 제공합니다. 레벨 90 이상 착용 가능합니다.","500000","30","50000","도깨비가죽","하선녀의실타래","유성지의보패","도깨비가죽","","","","","","","","",""
"방어구","armour_148","해골갑옷","방어구 '해골갑옷'. 방어력 -45을 제공합니다. 체력 -500, 마력 +300 효과가 함께 붙어 있습니다. 레벨 90 이상 착용 가능합니다.","500000","18","50000","도깨비가죽","하선녀의실타래","해골왕의뼈","도깨비가죽","","","","","","","","",""
"무기","sword_58","이가닌자의검","검/기타 '이가닌자의검'. 공격력 +4, 명중 +5을 가진 무기입니다. 체력 +300, 마력 +200, 힘 +5, 민첩 +5, 지력 +5 효과가 함께 붙어 있습니다. 레벨 56 이상 착용 가능합니다.","100000","40","30000","검조각","이가닌자의독","이가닌자의보패","검조각","수리검","흑룡철심","","","","","","",""
"무기","sword_60","횃불","검/기타 '횃불'. 캐릭터가 사용할 수 있는 무기입니다. 체력 -100, 지력 +2 효과가 함께 붙어 있습니다. 레벨 70 이상 착용 가능합니다.","500000","40","30000","곤봉","곤봉","불의수정","","","","","","","","","",""
"소모품","consumable_340","반짝이는돌","신비한 빛을 내는 귀한 돌","","10","100","똥","똥","똥","똥","똥","똥","똥","똥","똥","똥","똥","",""
"소모품","consumable_398","황금호박별","황금호박단추를 모아 만든 별","","100","100","황금호박보석","황금호박보석 x5","","","","","","","","","","",""
"소모품","consumable_399","회호박단추","소모품 '회호박단추'.","","75","100","회호박","회호박 x50","","","","","","","","","","",""
"소모품","consumable_400","회호박결정","회호박의 결정체","","100","100","회호박단추","회호박단추 x15","","","","","","","","","","",""
"소모품","consumable_401","회호박보석","소모품 '회호박보석'.","","100","100","회호박결정","회호박결정 x10","","","","","","","","","","",""
"소모품","consumable_402","회호박별","회호박단추를 모아 만든 별","","100","100","회호박보석","회호박보석 x5","","","","","","","","","","",""
"소모품","consumable_403","황호박결정","황호박의 결정체","","100","100","황호박단추","황호박단추 x15","","","","","","","","","","",""
"소모품","consumable_404","황호박보석","소모품 '황호박보석'.","","100","100","황호박결정","황호박결정 x10","","","","","","","","","","",""
"소모품","consumable_405","황호박별","황호박단추를 모아 만든 별","","100","100","황호박보석","황호박보석 x5","","","","","","","","","","",""
"소모품","consumable_406","연갈호박결정","연갈호박의 결정체","","100","100","연갈호박단추","연갈호박단추 x15","","","","","","","","","","",""
"소모품","consumable_407","연갈호박보석","소모품 '연갈호박보석'.","","100","100","연갈호박결정","연갈호박결정 x10","","","","","","","","","","",""
"소모품","consumable_408","연갈호박별","연갈호박단추를 모아 만든 별","","100","100","연갈호박보석","연갈호박보석 x5","","","","","","","","","","",""
"소모품","consumable_190","향료","기분이 좋아지는 향기가 난다","","100","100","향료가루","향료가루 x5","","","","","","","","","","",""
"무기","sword_110","적화접선","검/기타 '적화접선'. 공격력 +2, 명중 +7을 가진 무기입니다. 마력 +2.5%, 힘 +10, 민첩 +10, 지력 +10 효과가 함께 붙어 있습니다. 레벨 80 이상, 도사 착용 가능합니다.","5000000","50","50000","순수의강철","낡은망치","불의수정","순수의강철","적호박","","","","","","","",""
"무기","sword_111","황화곤봉","검/기타 '황화곤봉'. 공격력 +2, 명중 +7을 가진 무기입니다. 마력 +2.5%, 힘 +10, 민첩 +10, 지력 +10 효과가 함께 붙어 있습니다. 레벨 80 이상, 주술사 착용 가능합니다.","5000000","50","50000","순수의강철","낡은망치","불의수정","순수의강철","황호박","","","","","","","",""
"무기","spear_112","청월기창","창/지팡이 '청월기창'. 공격력 +2, 명중 +7을 가진 무기입니다. 체력 +5%, 힘 +10, 민첩 +10, 지력 +10 효과가 함께 붙어 있습니다. 레벨 80 이상, 도적 착용 가능합니다.","5000000","50","50000","순수의강철","낡은망치","불의수정","순수의강철","청호박","","","","","","","",""
"무기","sword_63","진월신검","검/기타 '진월신검'. 공격력 +2, 명중 +7을 가진 무기입니다. 체력 +5%, 힘 +10, 민첩 +10, 지력 +10 효과가 함께 붙어 있습니다. 레벨 80 이상, 전사 착용 가능합니다.","5000000","50","50000","순수의강철","낡은망치","불의수정","순수의강철","진호박","","","","","","","",""
"무기","sword_76","진일신검","검/기타 '진일신검'. 공격력 +8, 명중 +3을 가진 무기입니다. 체력 +15%, 힘 +20, 민첩 +10, 지력 +10 효과가 함께 붙어 있습니다. 레벨 99 이상, 전사 착용 가능합니다.","8000000","100","50000","진월신검","낡은망치","금강석","진월신검","","","","","","","","",""
"무기","spear_77","청일기창","창/지팡이 '청일기창'. 공격력 +8, 명중 +3을 가진 무기입니다. 체력 +15%, 힘 +10, 민첩 +20, 지력 +10 효과가 함께 붙어 있습니다. 레벨 99 이상, 도적 착용 가능합니다.","8000000","100","50000","청월기창","낡은망치","금강석","청월기창","","","","","","","","",""
"무기","spear_78","황염곤봉","창/지팡이 '황염곤봉'. 공격력 +8, 명중 +3을 가진 무기입니다. 마력 +15%, 힘 +10, 민첩 +10, 지력 +20 효과가 함께 붙어 있습니다. 레벨 99 이상, 주술사 착용 가능합니다.","8000000","100","50000","황화곤봉","낡은망치","금강석","황화곤봉","","","","","","","","",""
"무기","sword_79","적염곤봉","검/기타 '적염곤봉'. 공격력 +8, 명중 +3을 가진 무기입니다. 마력 +15%, 힘 +10, 민첩 +10, 지력 +20 효과가 함께 붙어 있습니다. 레벨 99 이상, 도사 착용 가능합니다.","8000000","100","50000","적화접선","낡은망치","금강석","적화접선","","","","","","","","",""
"소모품","consumable_415","연분홍호박별","'연분홍호박별'. 장비에 장착하면 fixedDamage +4 효과를 주는 소켓 아이템입니다.","","100","100","연분홍호박별","녹호박별","청호박별","갈호박별","","","","","","","","",""
"소모품","consumable_414","금강석","더 없이 단단하지만, 정말 무겁다","","20","100","금강석조각","금강석조각","금강석조각","금강석조각","금강석조각","금강석조각","","","","","","",""
"소모품","consumable_468","숯의정화","소모품 '숯의정화'.","","15","100","불의수정","참나무조각","불의수정","불의수정","","","","","","","","",""
"무기","sword_227","적시도","검/기타 '적시도'. 캐릭터가 사용할 수 있는 무기입니다. 체력 +1000, 마력 +500, 지력 +10 효과가 함께 붙어 있습니다. 레벨 95 이상 착용 가능합니다.","750000","27","30000","안시도","안시도","안시도","안시도","안시도","안시도","","","","","","",""
"소모품","consumable_485","자연의인장","대자연의 힘이 담긴 상징물","","35","100","노란비서","자연의인'하","자연의인'상","","","","","","","","","",""
"소모품","consumable_496","영웅보물지도","소모품 '영웅보물지도'.","","100","100","지도의조각1","지도의조각1","지도의조각2","지도의조각3","지도의조각4","지도의조각5","지도의조각6","","","","","",""
"무기","sword_232","영웅의칼'염","검/기타 '영웅의칼'염'. 공격력 +4, 명중 +5을 가진 무기입니다. 체력 +4000, 힘 +15, 지력 +2 효과가 함께 붙어 있습니다. 레벨 95 이상, 전사 착용 가능합니다.","5000000","100","30000","용맹의칼","용맹의칼","화염의토템 x5","작은영웅상","정령의결정","","","","","","","",""
"소모품","consumable_511","도삭산의서","도삭산 1000층 갑옷점으로 이동할 수 있는 비서","","100","100","황금문서1장","황금문서1장","황금문서2장","황금문서3장","황금문서4장","황금문서5장","황금문서6장","황금문서7장","황금문서8장","황금문서9장","황금문서10장","",""
"소모품","consumable_516","밀수한황금호박단추","밀수한 황금호박을 모아 만든 단추. 장비에 장착하면 재사용 대기시간 1초 효과를 줍니다.","","100","100","밀수한황금호박","밀수한황금호박 x50","","","","","","","","","","",""
"방어구","armour_227","밀수한주술갑옷","방어구 '밀수한주술갑옷'. 방어력 -40을 제공합니다. 레벨 90 이상 착용 가능합니다.","500000","30","50000","도깨비가죽","하선녀의실타래","조합용유성지의보패","도깨비가죽","","","","","","","","",""
"방어구","armour_228","밀수한해골갑옷","방어구 '밀수한해골갑옷'. 방어력 -45을 제공합니다. 체력 -500, 마력 +300 효과가 함께 붙어 있습니다. 레벨 90 이상 착용 가능합니다.","500000","18","50000","도깨비가죽","하선녀의실타래","조합용해골왕의뼈","도깨비가죽","","","","","","","","",""
"소모품","consumable_146","은천패","은천지인패의 재료","","90","5000","동천패","동천패 x5","","","","","","","","","","",""
"소모품","consumable_147","금천패","금천지인패의 재료","","100","10000","은천패","은천패 x5","","","","","","","","","","",""
"소모품","consumable_149","은지패","은천지인패의 재료","","90","5000","동지패","동지패 x5","","","","","","","","","","",""
"소모품","consumable_150","금지패","금천지인패의 재료","","100","10000","은지패","은지패 x5","","","","","","","","","","",""
"소모품","consumable_196","은인패","은천지인패의 재료","","90","5000","동인패","동인패 x5","","","","","","","","","","",""
"소모품","consumable_197","금인패","금천지인패의 재료","","100","10000","은인패","은인패 x5","","","","","","","","","","",""
"소모품","consumable_142","녹비약(소)","초록색 비약","","100","1000","녹호박단추","검정깃발","녹호박단추 x2","","","","","","","","","",""
"소모품","consumable_143","녹비약(중)","적은 양의 초록색 비약","","100","1000","녹비약(소)","녹비약(소) x5","","","","","","","","","","",""
"소모품","consumable_144","녹비약(대)","많은 양의 초록색 비약","","100","1000","녹비약(중)","녹비약(중) x5","","","","","","","","","","",""
"소모품","consumable_133","적비약(소)","중국 전래의 비약, 먹지 마시오","","100","1000","적호박단추","검정깃발","적호박단추 x2","","","","","","","","","",""
"소모품","consumable_134","적비약(중)","중국 전래의 비약, 먹지 마시오","","100","1000","적비약(소)","적비약(소) x5","","","","","","","","","","",""
"소모품","consumable_135","적비약(대)","중국 전래의 비약, 먹지 마시오","","100","1000","적비약(중)","적비약(중) x5","","","","","","","","","","",""
"소모품","consumable_136","청비약(소)","중국 전래의 비약, 먹지 마시오","","100","1000","청호박단추","검정깃발","청호박단추 x2","","","","","","","","","",""
"소모품","consumable_137","청비약(중)","중국 전래의 비약, 먹지 마시오","","100","1000","청비약(소)","청비약(소) x5","","","","","","","","","","",""
"소모품","consumable_138","청비약(대)","중국 전래의 비약, 먹지 마시오","","100","1000","청비약(중)","청비약(중) x5","","","","","","","","","","",""
"소모품","consumable_139","황비약(소)","중국 전래의 비약, 먹지 마시오","","100","1000","황호박단추","검정깃발","황호박단추 x2","","","","","","","","","",""
"소모품","consumable_140","황비약(중)","중국 전래의 비약, 먹지 마시오","","100","1000","황비약(소)","황비약(소) x5","","","","","","","","","","",""
"소모품","consumable_141","황비약(대)","중국 전래의 비약, 먹지 마시오","","100","1000","황비약(중)","황비약(중) x5","","","","","","","","","","",""
"소모품","consumable_157","동천지인패","동천패,동지패,동인패가 하나로 합쳐진 모습","","100","1000","동천패","동인패","동천패","동지패","녹비약(소)","","","","","","","",""
"소모품","consumable_158","은천지인패","은천패, 은지패, 은인패가 하나로 합쳐진 모습","","100","1000","은천패","은인패","은천패","은지패","녹비약(중)","","","","","","","",""
"소모품","consumable_159","금천지인패","금천패,금지패,금인패가 하나로 합쳐진 모습","","100","1000","금천패","금인패","금천패","금지패","녹비약(대)","","","","","","","",""
"소모품","consumable_389","해골왕의뼈","파괴왕을 부르기 위한 제물","","30","10000","노란비서","유성지의보패","유성지의보패","유성지의보패","유성지의보패","유성지의보패","","","","","","",""
"소모품","consumable_605","화투","랜덤한 화투패를 획득 가능합니다.","","100","100","화투패(9월)","화투패(4월)","화투패(9월)","","","","","","","","","",""
"소모품","consumable_605","화투","랜덤한 화투패를 획득 가능합니다.","","100","100","화투패(1월)","화투패(1월) x12","","","","","","","","","","",""
"소모품","consumable_605","화투","랜덤한 화투패를 획득 가능합니다.","","100","100","화투패(2월)","화투패(2월) x12","","","","","","","","","","",""
"소모품","consumable_605","화투","랜덤한 화투패를 획득 가능합니다.","","100","100","화투패(2월)","화투패(4월) x12","","","","","","","","","","",""
"소모품","consumable_605","화투","랜덤한 화투패를 획득 가능합니다.","","100","100","화투패(2월)","화투패(5월) x12","","","","","","","","","","",""
"소모품","consumable_605","화투","랜덤한 화투패를 획득 가능합니다.","","100","100","화투패(2월)","화투패(6월) x12","","","","","","","","","","",""
"소모품","consumable_605","화투","랜덤한 화투패를 획득 가능합니다.","","100","100","화투패(2월)","화투패(7월) x12","","","","","","","","","","",""
"소모품","consumable_605","화투","랜덤한 화투패를 획득 가능합니다.","","100","100","화투패(2월)","화투패(9월) x12","","","","","","","","","","",""
"소모품","consumable_605","화투","랜덤한 화투패를 획득 가능합니다.","","100","100","화투패(2월)","화투패(10월) x12","","","","","","","","","","",""
"소모품","consumable_605","화투","랜덤한 화투패를 획득 가능합니다.","","100","100","화투패(2월)","화투패(일광) x12","","","","","","","","","","",""
"소모품","consumable_623","기(氣)","'기(氣)'. 장비에 장착하면 rune +1 효과를 주는 소켓 아이템입니다.","","90","1000000","룬조각","룬조각 x10","","","","","","","","","","",""
"소모품","consumable_624","체(體)","'체(體)'. 장비에 장착하면 rune +2 효과를 주는 소켓 아이템입니다.","","70","1000000","기(氣)","기(氣) x3","","","","","","","","","","",""
"소모품","consumable_625","혼(魂)","'혼(魂)'. 장비에 장착하면 rune +3 효과를 주는 소켓 아이템입니다.","","70","1000000","체(體)","체(體) x3","","","","","","","","","","",""
"소모품","consumable_626","강(剛)","'강(剛)'. 장비에 장착하면 rune +4 효과를 주는 소켓 아이템입니다.","","70","1000000","혼(魂)","혼(魂) x3","","","","","","","","","","",""
"소모품","consumable_627","방(防)","'방(防)'. 장비에 장착하면 rune +5 효과를 주는 소켓 아이템입니다.","","70","1000000","강(剛)","강(剛) x3","","","","","","","","","","",""
"소모품","consumable_628","혈(血)","'혈(血)'. 장비에 장착하면 rune +6 효과를 주는 소켓 아이템입니다.","","70","1000000","방(防)","방(防) x3","","","","","","","","","","",""
"소모품","consumable_629","속(速)","'속(速)'. 장비에 장착하면 rune +7 효과를 주는 소켓 아이템입니다.","","70","1000000","혈(血)","혈(血) x3","","","","","","","","","","",""
"소모품","consumable_630","풍(風)","'풍(風)'. 장비에 장착하면 rune +8 효과를 주는 소켓 아이템입니다.","","70","1000000","속(速)","속(速) x3","","","","","","","","","","",""
"소모품","consumable_631","화(火)","'화(火)'. 장비에 장착하면 rune +9 효과를 주는 소켓 아이템입니다.","","70","1000000","풍(風)","풍(風) x3","","","","","","","","","","",""
"소모품","consumable_632","뇌(雷)","'뇌(雷)'. 장비에 장착하면 rune +10 효과를 주는 소켓 아이템입니다.","","70","1000000","화(火)","화(火) x3","","","","","","","","","","",""
"소모품","consumable_633","빙(氷)","'빙(氷)'. 장비에 장착하면 rune +11 효과를 주는 소켓 아이템입니다.","","70","1000000","뇌(雷)","뇌(雷) x3","","","","","","","","","","",""
"소모품","consumable_634","독(毒)","'독(毒)'. 장비에 장착하면 rune +12 효과를 주는 소켓 아이템입니다.","","70","1000000","빙(氷)","빙(氷) x3","","","","","","","","","","",""
"소모품","consumable_635","투(鬪)","'투(鬪)'. 장비에 장착하면 rune +13 효과를 주는 소켓 아이템입니다.","","70","1000000","독(毒)","독(毒) x3","","","","","","","","","","",""
"소모품","consumable_636","격(擊)","'격(擊)'. 장비에 장착하면 rune +14 효과를 주는 소켓 아이템입니다.","","70","1000000","투(鬪)","투(鬪) x3","","","","","","","","","","",""
"소모품","consumable_637","무(武)","'무(武)'. 장비에 장착하면 rune +15 효과를 주는 소켓 아이템입니다.","","70","1000000","격(擊)","격(擊) x3","","","","","","","","","","",""
"소모품","consumable_638","진(眞)","'진(眞)'. 장비에 장착하면 rune +16 효과를 주는 소켓 아이템입니다.","","70","1000000","무(武)","무(武) x3","","","","","","","","","","",""
"소모품","consumable_639","명(命)","'명(命)'. 장비에 장착하면 rune +17 효과를 주는 소켓 아이템입니다.","","70","1000000","진(眞)","진(眞) x3","","","","","","","","","","",""
"소모품","consumable_640","천(天)","'천(天)'. 장비에 장착하면 rune +18 효과를 주는 소켓 아이템입니다.","","70","1000000","명(命)","명(命) x3","","","","","","","","","","",""
"소모품","consumable_641","지(地)","'지(地)'. 장비에 장착하면 rune +19 효과를 주는 소켓 아이템입니다.","","70","1000000","천(天)","천(天) x3","","","","","","","","","","",""
"소모품","consumable_642","신(神)","'신(神)'. 장비에 장착하면 rune +20 효과를 주는 소켓 아이템입니다.","","70","1000000","지(地)","지(地) x3","","","","","","","","","","",""
"악세서리","accessory_155","청풍골무","악세서리 '청풍골무'. 방어력 -3을 제공합니다. 체력 +150, 마력 +50, 민첩 +1 효과가 함께 붙어 있습니다. 레벨 20 이상, 궁사 착용 가능합니다.","3000","80","50000","청동조각","청동조각","쇠가루","쇠가루","매의깃털","","","","","","","",""
"악세서리","accessory_156","청명골무","악세서리 '청명골무'. 방어력 -4을 제공합니다. 체력 +200, 마력 +100, 힘 +1, 민첩 +1 효과가 함께 붙어 있습니다. 레벨 30 이상, 궁사 착용 가능합니다.","5000","50","50000","청동조각","청동조각","운모","매의깃털","","","","","","","","",""
"악세서리","accessory_157","비명골무","악세서리 '비명골무'. 방어력 -7을 제공합니다. 체력 +350, 마력 +100, 힘 +1, 민첩 +2 효과가 함께 붙어 있습니다. 레벨 40 이상, 궁사 착용 가능합니다.","8000","30","50000","장인의돌","청풍골무","청명골무","장인의돌","","","","","","","","",""
"악세서리","accessory_158","흑명골무","악세서리 '흑명골무'. 방어력 -10을 제공합니다. 체력 +500, 마력 +200, 힘 +1, 민첩 +3 효과가 함께 붙어 있습니다. 레벨 50 이상, 궁사 착용 가능합니다.","20000","10","50000","오철","비명골무","오독산","오철","장인의돌","","","","","","","",""
"악세서리","accessory_159","천궁골무","악세서리 '천궁골무'. 방어력 -3을 제공합니다. 체력 +150, 마력 +50, 민첩 +1 효과가 함께 붙어 있습니다. 레벨 20 이상, 궁사 착용 가능합니다.","10000","100","50000","마노","노송의가지","오독산","현철","만지초","마노","매의깃털","","","","","",""
"악세서리","accessory_160","비룡골무","악세서리 '비룡골무'. 방어력 -8을 제공합니다. 체력 +1500, 마력 +1500, 민첩 +5 효과가 함께 붙어 있습니다. 레벨 30 이상, 궁사 착용 가능합니다.","20000","50","50000","마노","천궁골무","매의깃털","오철","오철","마노","매의깃털","","","","","",""
"악세서리","accessory_161","황금골무","악세서리 '황금골무'. 방어력 -10을 제공합니다. 체력 +2000, 마력 +2000, 민첩 +8 효과가 함께 붙어 있습니다. 레벨 40 이상, 궁사 착용 가능합니다.","300000","22","50000","금조각","비룡골무","물소의뿔","금조각","현철","마노","","","","","","",""
"악세서리","accessory_162","쇄자황금골무","악세서리 '쇄자황금골무'. 방어력 -11을 제공합니다. 체력 +2500, 마력 +1000, 힘 +10, 민첩 +20 효과가 함께 붙어 있습니다. 레벨 50 이상, 궁사 착용 가능합니다.","500000","22","50000","금조각","황금골무","금조각","금조각","현철","현철","물소의뿔","장인의돌","마노","","","",""
"무기","bow_252","적우궁","활 '적우궁'. 공격력 +2을 가진 무기입니다. 힘 +1, 민첩 +1 효과가 함께 붙어 있습니다. 레벨 75 이상, 궁사 착용 가능합니다.","500000","70","50000","쇠가루","주청현궁","쇠가루","쇠가루","쇠가루","쇠가루","쇠가루","쇠조각","석영","매의깃털","","",""
"무기","bow_249","야월진랑의활","활 '야월진랑의활'. 공격력 +4, 명중 +5을 가진 무기입니다. 힘 +2, 민첩 +2 효과가 함께 붙어 있습니다. 레벨 75 이상, 궁사 착용 가능합니다.","500000","30","50000","장인의돌","적우궁","오독산","만지초","천년묵은가지","현철","장인의돌","","","","","",""
"무기","bow_253","흑염현궁","활 '흑염현궁'. 공격력 +2, 명중 +7을 가진 무기입니다. 체력 +5%, 힘 +10, 민첩 +10, 지력 +10 효과가 함께 붙어 있습니다. 레벨 75 이상, 궁사 착용 가능합니다.","5000000","50","50000","순수의강철","낡은망치","불의수정","순수의강철","청호박","매의깃털","","","","","","",""
"무기","bow_254","금성천궁","활 '금성천궁'. 공격력 +8, 명중 +3을 가진 무기입니다. 체력 +15%, 힘 +10, 민첩 +20, 지력 +10 효과가 함께 붙어 있습니다. 레벨 99 이상, 궁사 착용 가능합니다.","8000000","100","50000","흑염현궁","낡은망치","금강석","흑염현궁","","","","","","","","",""
